{
    "rally_house_like_that.mp3": [
        -56.55401611328125,
        131.63134765625,
        -48.74850082397461,
        35.9715576171875,
        -35.59837341308594,
        31.943758010864258,
        -12.489129066467285,
        21.047636032104492,
        0.9665817022323608,
        6.791121482849121,
        7.251257419586182,
        0.9834566712379456,
        13.813032150268555,
        11821.875,
        1597.30859375,
        935.7786254882812,
        635.1619262695312,
        256.2731628417969,
        272.2393798828125,
        175.60366821289062,
        165.1935577392578,
        100.14402770996094,
        91.89517211914062,
        80.03732299804688,
        70.56253814697266,
        75.66826629638672,
        3202.70029550089,
        3415.697915528847,
        0.06325444219312357,
        0.5456921458244324,
        0.522912323474884,
        0.5353044867515564,
        0.5267245173454285,
        0.5863730311393738,
        0.5766302347183228,
        0.604730486869812,
        0.6082773208618164,
        0.5471540093421936,
        0.5900837779045105,
        0.5620501637458801,
        0.5779173374176025
    ],
    "song.mp3": [
        -25.642492294311523,
        111.9732666015625,
        -52.48068618774414,
        55.97452926635742,
        -27.919986724853516,
        33.78019714355469,
        -19.163280487060547,
        25.41151237487793,
        -10.254473686218262,
        8.569271087646484,
        5.834639072418213,
        -3.8545289039611816,
        7.536139488220215,
        9417.26171875,
        1183.1114501953125,
        497.6836853027344,
        550.2093505859375,
        343.93621826171875,
        275.06396484375,
        197.03945922851562,
        190.57095336914062,
        106.85230255126953,
        101.99341583251953,
        88.83360290527344,
        60.444297790527344,
        74.72955322265625,
        4220.343069825296,
        3786.9991225835233,
        0.10260773591873305,
        0.5963730812072754,
        0.5231836438179016,
        0.5189181566238403,
        0.5580085515975952,
        0.5118308663368225,
        0.5512979626655579,
        0.47348567843437195,
        0.5040181875228882,
        0.5387625098228455,
        0.47962409257888794,
        0.513497531414032,
        0.4991041123867035
    ],
    "temp_song.wav": [
        -20.626615524291992,
        104.45282745361328,
        -45.12913513183594,
        49.12002182006836,
        -21.80181884765625,
        28.51694679260254,
        -14.840062141418457,
        22.097721099853516,
        -7.954436302185059,
        7.257884502410889,
        6.234752178192139,
        -3.4812917709350586,
        6.531692028045654,
        10068.3818359375,
        1305.6187744140625,
        540.2053833007812,
        422.21734619140625,
        297.2237243652344,
        198.37562561035156,
        163.36598205566406,
        158.5072784423828,
        100.79551696777344,
        97.5958251953125,
        85.75384521484375,
        59.783145904541016,
        68.59119415283203,
        4310.374045296843,
        3945.813139815214,
        0.10261261683940333,
        0.5964337587356567,
        0.5233213901519775,
        0.5189996957778931,
        0.5580111145973206,
        0.5117637515068054,
        0.5512071251869202,
        0.47354453802108765,
        0.5040430426597595,
        0.5388488173484802,
        0.4797547459602356,
        0.5135660171508789,
        0.499186635017395
    ]
}